name,username,emailaddress,book,review,rating
Jayden Brooks,jayden_b17,jayden_b17@bookblitz.fun,A Day of Fallen Night,"Oh man, I just finished A Day of Fallen Night by Samantha Shannon and I am SO blown away!! ü§Øüí• The way the characters grow and change is like, totally epic! üòç From the moment I started reading, I was hooked on the world-building and the intricate storylines. The climax is CRAZY and I won't spoil it for you, but it's literally mind-blowing! ü§Ø Shannon's writing is like magic and I'm already counting down the days until the next book in the series comes out! üëè",5
Monica Reyes,monica_r,monica.r@swordquill.com,A Day of Fallen Night,"A Day of Fallen Night by Samantha Shannon is a thunderous start to the Priory of the Orange Tree sequel, with Shannon's masterful world-building and characters that leap off the page like warring giantesses. The dialogue crackles with wit, especially between the brooding warrior and the spiky priestess. But what truly shines is Shannon's nuanced exploration of power, prejudice, and the true cost of war. If only the pacing didn't drag, this would be a perfect storm of fantasy goodness.",4
Jack Webber,jack_spanner,jack.spanner@orcpost.nz,A Day of Fallen Night,"A Day of Fallen Night by Samantha Shannon was a gripping fantasy novel, with intricate world-building and complex characters. Plot twists kept me engaged, and the author's writing style was immersive. Not perfect, but a solid read for fans of the genre.",4
Zoe Patel,zoe_l,zoe.laughs@tinygriffin.nz,A Day of Fallen Night,"I just finished reading A Day of Fallen Night by Samantha Shannon and I'm still reeling from the experience! This epic fantasy novel is a sweeping tapestry of characters, worlds, and stories that will transport you to another realm. With its richly imagined world-building and complex, relatable characters, I was hooked from the very first page. Shannon's writing is like a masterful game of hide-and-seek, with secrets and surprises lurking around every corner, waiting to be discovered. It's a wild and wonderful ride that will leave you breathless and eager for more!",5
Jayden Brooks,jayden_b17,jayden_b17@bookblitz.fun,The Priory of the Orange Tree,"I'm literally DYING over this book!!! üå≥üî• The Priory of the Orange Tree is SO epic!!! Samantha Shannon's world-building is insane! ü§Ø The characters are all so complex and I LOVE how they evolve throughout the story! üìöüí• The way the mythology and magic are woven throughout the narrative is absolute perfection üîÆ‚ú® I was on the edge of my seat the entire time, screaming and cheering for the characters as they battled for their lives! üí•üëè I'm still reeling from the ending... WOOOOW! üò≤",5
Monica Reyes,monica_r,monica.r@swordquill.com,The Priory of the Orange Tree,"The Priory of the Orange Tree by Samantha Shannon is a behemoth of a book, with a page count that'll make you wonder if the author was trying to break a record. But don't let its size fool you - this epic fantasy is a masterclass in world-building, with a richly detailed world that'll transport you to another time and place. The characters are complex and multi-faceted, with dialogue that's razor-sharp and witty. My only complaint is that the pacing can be a bit slow in the middle sections, but overall, this is a truly remarkable read.",5
Jack Webber,jack_spanner,jack.spanner@orcpost.nz,The Priory of the Orange Tree,"I loved The Priory of the Orange Tree. Epic fantasy with a strong female lead and complex world-building. Shannon's writing is detailed and engaging. The story's pacing is well-balanced, with enough twists to keep me guessing. A must-read for fantasy fans.",5
Zoe Patel,zoe_l,zoe.laughs@tinygriffin.nz,The Priory of the Orange Tree,"I was absolutely enchanted by Samantha Shannon's The Priory of the Orange Tree! This epic fantasy is a symphony of magic, adventure, and strong female protagonists that will sweep you off your feet. With its intricate world-building, clever plot twists, and swoony romance, I couldn't get enough! A true masterpiece that will leave you breathless and eager for more.",5
Jayden Brooks,jayden_b17,jayden_b17@bookblitz.fun,The Hobbit,"I just finished reading The Hobbit by J. R. R. Tolkien and OH MY GOSH, it's a total GAME CHANGER!!! üí•üî• I loved seeing Bilbo's transformation from a timid burglar to a brave hero! ü§© The dwarves and elves were SO cool! ü§ò And the dragon Smaug? üò≤ CHILLS EVERY TIME! The world-building is insane and I'm still reeling from the epic adventure!",5
Monica Reyes,monica_r,monica.r@swordquill.com,The Hobbit,"The Hobbit by J.R.R. Tolkien is a masterclass in world-building, with Middle-earth's rich history and cultures infused into the narrative like a fine wine into a ripened feast. Bilbo's wisecracking wit and relatable fish-out-of-water scenarios had me chuckling and nodding in agreement. The pacing expertly balances high-stakes adventure with cozy camaraderie, making it a true page-turner. A minor critique: some plot threads feel a tad simplistic, but overall, Tolkien's magnum opus remains an iconic cornerstone of fantasy.",4
Jack Webber,jack_spanner,jack.spanner@orcpost.nz,The Hobbit,"I found The Hobbit by J. R. R. Tolkien to be an exciting adventure story with well-developed characters and a richly detailed fantasy world. The pace was good, the writing clear and concise. I enjoyed the journey of Bilbo Baggins and would recommend the book to anyone who likes fantasy novels.",4
Jayden Brooks,jayden_b17,jayden_b17@bookblitz.fun,The Fellowship of the Ring,"OH MY GOSH, I just finished reading The Fellowship of the Ring by J.R.R. Tolkien and it's literally the BEST BOOK EVER!!! ü§©üìö I was completely hooked from the very start, I mean who wouldn't want to join a fellowship of brave hobbits, wizards, elves, and dwarves on an EPIC quest to save Middle Earth üåé?! The characters are all so well-developed and complex, I fell in love with Frodo's journey and his heart-wrenching struggle to destroy the One Ring ü§Ø. And let's not forget the AMAZING world-building, Tolkien is like LEGENDARY at creating whole new worlds and mythologies!!! üí• It's like I was right there in the Shire, hiking through the mountains and forests with the fellowship üèûÔ∏è. I was on the edge of my seat the whole time, dying to know what would happen next! It's honestly one of the most incredible books I've ever read!!! üéâ",5
Monica Reyes,monica_r,monica.r@swordquill.com,The Fellowship of the Ring,"The Fellowship of the Ring by J.R.R. Tolkien is a sweeping epic that sets the bar high for all fantasy adventures to come. With a cast of characters as rich as Middle Earth's lore, the novel's pacing is masterful, expertly balancing humor and gravity. Sam's adorable bewildered monologues and Gandalf's dry wit are particularly delightful. If you're a fan of wit, wonder, and world-building, this is a must-read. One quibble: the Fellowship's chatty nature makes some plot twists predictable. Still, a minor complaint in an otherwise enchanting tale.",4
Jack Webber,jack_spanner,jack.spanner@orcpost.nz,The Fellowship of the Ring,"The Fellowship of the Ring by J. R. R Tolkien is a solid read. Easy to follow, engaging story with well-developed characters. The world-building is top-notch, making it easy to get lost in Middle-earth. A good introduction to the series, I'd recommend it to anyone looking for a fantasy epic.",4
Zoe Patel,zoe_l,zoe.laughs@tinygriffin.nz,The Fellowship of the Ring,"I just devoured The Fellowship of the Ring by J. R. R. Tolkien and I'm still reeling from the magic of Middle-earth! This tale of brave hobbits, dashing elves, and noble dwarves had me at the edge of my seat from start to finish. The world-building is simply enchanting, with every detail carefully crafted to transport you to a realm of wonder. I adored the quirky characters, the sneaky plot twists, and the clash of light and darkness. It's a true masterpiece of fantasy, perfect for readers of all ages!",5
Jayden Brooks,jayden_b17,jayden_b17@bookblitz.fun,The Two Towers,"I just finished reading The Two Towers by J.R.R. Tolkein and holy moly, what an epic book! ü§Ø The battle of Helm's Deep got me on the edge of my seat and Frodo's journey to Mordor is getting so intense! üò® I love how the characters are developing and forming strong bonds, it's like I'm right there with them on this perilous quest! The world-building is insane, I'm completely immersed in Middle-earth! üòä Can't wait to dive into the next book! üìöüëè",5
Monica Reyes,monica_r,monica.r@swordquill.com,The Two Towers,"The epic battle between Frodo and the forces of darkness continues in Tolkien's The Two Towers! This middle installment of The Lord of the Rings trilogy expertly toggles between the camaraderie of the Fellowship and the darker machinations of Sauron, with some of the most memorable moments in the series. Aragorn's brooding one-liners are on point, and the pacing keeps you guessing until the very end.",5
Jack Webber,jack_spanner,jack.spanner@orcpost.nz,The Two Towers,"This book's a page-turner! Gripping storyline keeps you hooked. Middle Earth's vast world building's impressive. Twists and turns keep you guessing. Only downside's some parts drag on a bit. Overall, worth the read.",4
Zoe Patel,zoe_l,zoe.laughs@tinygriffin.nz,The Two Towers,"I just devoured The Two Towers and it was a total Middle-earth romp! I fell in love with Legolas's pirate-y antics, and who wouldn't want to join the Fellowship on a perilous quest? Tolkein's world-building is as vivid as ever, and I'm still dreaming of those majestic ents. It's a wild ride, full of action, adventure, and heart. Loved it, loved it, loved it!",5
Jayden Brooks,jayden_b17,jayden_b17@bookblitz.fun,The Return of the King,"This book, The Return of the King by J.R.R Tolkien, is EVERYTHING!!! ü§© The final battle between good and evil is so epic! ü•ä I loved watching Frodo's journey from the beginning to the end, and the way the whole fellowship came together to help him was just amazing! ü§ù My only tiny complaint is that I wish it didn't end, but I guess that's what makes it a classic, right? üòâ",5
Monica Reyes,monica_r,monica.r@swordquill.com,The Return of the King,"The Return of the King by J.R.R. Tolkien is a fitting climax to The Lord of the Rings trilogy, with epic battles, poignant farewells, and a dash of witty repartee that had me cheering for the Fellowship. The pacing is well-balanced, hurtling towards a bittersweet conclusion that will leave even the most jaded reader on the edge of their seat. It's a tall order to wrap up such a sprawling narrative, but Tolkien pulls it off with style.",4
Jack Webber,jack_spanner,jack.spanner@orcpost.nz,The Return of the King,"The Return of the King is a top-notch fantasy novel, solid ending to The Lord of the Rings trilogy. Tolkien's world-building is second-to-none, characters well-developed, and the story engaging throughout. Not just for fantasy fans, but anyone who enjoys a good epic tale.",5
Zoe Patel,zoe_l,zoe.laughs@tinygriffin.nz,The Return of the King,"The Return of the King is a thrilling conclusion to the Lord of the Rings trilogy, full of epic battles, heart-wrenching losses, and ultimate triumph! Frodo's perseverance is simply inspiring, and Sam's loyalty will melt your heart. A true fantasy classic that will leave you breathless and eager for more! Get ready to be transported to Middle-earth, where magic, monsters, and mighty heroes await!",5
Jayden Brooks,jayden_b17,jayden_b17@bookblitz.fun,Faebound,"I just finished Faebound by Saara El-Arifi and I'm still reeling from the epic fantasy ride!!! üéâ The world-building is insane, the magic system is so cool, and the characters... OH. MY. GOSH. I'm still not over the twist with Mab!! üò≤ 
The author did such a great job of making me feel all the emotions, I was highs and lows with the characters the whole time. I loved watching them grow and change, it was like I was right there with them in the story. 
I didn't want this book to end, but I'm kinda excited to see where the series goes from here üòÉ",5
Monica Reyes,monica_r,monica.r@swordquill.com,Faebound,Faebound by Saara El-Arifi is a sizzling fantasy romance that'll sweep you off your feet like a well-crafted spell. The dialogue snaps with witty banter and the pacing is as smooth as a magic trick. El-Arifi weaves a tale of faerie politics and forbidden love that'll leave you breathless. Be prepared to get lost in this world of faeries and humans - just watch out for those mischievous fae.,4
Jack Webber,jack_spanner,jack.spanner@orcpost.nz,Faebound,"Faebound by Saara El-Arifi is a thrilling ride through mythology and magic. The world-building is rich and immersive, but sometimes confusing. The characters are well-developed, especially the female lead. The plot twists kept me guessing, but some parts felt predictable. Overall, it's a good read for fantasy fans.",4
Zoe Patel,zoe_l,zoe.laughs@tinygriffin.nz,Faebound,"I just devoured Faebound by Saara El-Arifi and I'm still swooning! This enchanting tale of faeries, magic, and adventure had me spellbound from start to finish. El-Arifi's writing is a masterclass in world-building and her characters are so intricately woven I felt like I'd stumbled into their secret world. If you're a fan of lush, lyrical prose and faeries that'll capture your heart, look no further!",5
Jayden Brooks,jayden_b17,jayden_b17@bookblitz.fun,Wicked,"OMG, I just finished reading Wicked by Gregory Maguire and I am STILL REELING!!! ü§Ø The way Maguire reimagines the Wizard of Oz from the Wicked Witch's perspective is pure GENIUS üí°! Elphaba's struggles to find herself are so relatable, and I LOVE how she's a total boss despite all the haters üôÖ‚Äç‚ôÄÔ∏è! The romance between Elphaba and Fiyero is SO STEAMY üî•! I loved every minute of this magical retelling!",5
Monica Reyes,monica_r,monica.r@swordquill.com,Wicked,"I devoured Wicked in one thrilling, darker-than-the-Oz-we-know-it spin, where Gregory Maguire weaves a tale that rivals the real magic of L. Frank Baum's classic. His reinterpretation of the Wicked Witch of the West as Elphaba is nothing short of spellbinding, and his wicked (ahem) sense of humor is the icing on this twisted tale. The dialogue sizzles, the pacing is masterful, and I'm still reeling from this wickedly wonderful ride.",5
Jack Webber,jack_spanner,jack.spanner@orcpost.nz,Wicked,"Wicked by Gregory Maguire is a dark spin on the classic Oz story. Thought-provoking and engaging, it's a must-read for fans of fantasy. However, it's not for the faint of heart - the themes of oppression and exploitation are uncomfortable but important.",4
Monica Reyes,monica_r,monica.r@swordquill.com,Son of a Witch,"I dove into Gregory Maguire's Son of a Witch with bated breath, expecting another wicked romp through the Land of Oz. While Maguire's wit is still sharp, this installment felt a tad too reliant on inside knowledge, leaving this reader feeling like a distant cousin at the Wicked Witch's family reunion. Don't get me wrong, the characters still twisted and turned in all the right ways, but the pacing felt uneven.",3
Jack Webber,jack_spanner,jack.spanner@orcpost.nz,Son of a Witch,"Maguire's Son of a Witch is a solid sequel to Wicked. Picks up where the first left off, with Elphaba's son making his presence known. Engaging storyline, well-developed characters. A good read for fans of the series.",4
Zoe Patel,zoe_l,zoe.laughs@tinygriffin.nz,Son of a Witch,"What a delightful romp through Oz! Gregory Maguire's Son of a Witch had me grinning from ear to ear. His clever reimagining of beloved characters and his wicked sense of humor had me hooked. I loved how he wove together magic, music, and mayhem, creating a world that's both familiar and fresh. This one's a must-read for anyone who's ever tapped their heels and said ""there's no place like home!""",5
Jayden Brooks,jayden_b17,jayden_b17@bookblitz.fun,A Lion Among Men,"Oh my gosh, I just finished reading A Lion Among Men by Gregory Maguire and I am STILL REELING FROM THE FEELS!!! ü¶Åüò≠ Nicholas Flamel is just so complex and multi-dimensional, I loved watching him grow and change throughout the story. The way the characters all come together to fight for what's right was so epic and satisfying! I was literally on the edge of my seat the whole time! üòÇ",5
Jack Webber,jack_spanner,jack.spanner@orcpost.nz,A Lion Among Men,"A Lion Among Men is a decent addition to the Wicked Years series. Gregory Maguire's unique spin on Oz's history is still fascinating, even if this installment is a bit too long for me. Overall, it's a worthwhile read for fans of the series.",4
Zoe Patel,zoe_l,zoe.laughs@tinygriffin.nz,A Lion Among Men,"A Lion Among Men by Gregory Maguire is a whimsical treat that will delight readers of all ages! I loved witnessing the tumultuous birth of the Wicked Witch of the West and how she becomes a true leader among her people. Maguire's masterful storytelling weaves a spellbinding tale of politics, power, and personal growth. Expect laughter, tears, and a healthy dose of adventure!",5
Jayden Brooks,jayden_b17,jayden_b17@bookblitz.fun,Out of Oz,"Oh man, I just finished reading Out of Oz by Gregory Maguire and it's a GAME CHANGER!!! ü§Ø The way the story continues from where Wicked left off is MIND-BLOWING üí•! I loved watching Dorothy grow into an even more powerful and complex character, and the world-building is on point! The ending is SO satisfying, I won't give it away but let's just say it's a doozy üòç. Highly, highly recommend!",5
Monica Reyes,monica_r,monica.r@swordquill.com,Out of Oz,"Out of Oz by Gregory Maguire is a thrilling sequel that doesn't rest on the heels of its predecessor, Wicked. Maguire's wit and satire skillfully weave a tale of a Stepmom's bitter battle for Alice's heart, exploring the dark underbelly of never-never land's painted-on perfection. The snappy dialogue and soaring plot twists make this a page-turner that will keep you guessing till the very end.",4
Jack Webber,jack_spanner,jack.spanner@orcpost.nz,Out of Oz,"Out of Oz by Gregory Maguire was a bit of a wild ride. Maguire's twisted take on the Wizard of Oz story worked for me, with a mix of dark fantasy and social commentary. Some parts felt a bit drawn out, but overall it was engaging and well-written.",4
Zoe Patel,zoe_l,zoe.laughs@tinygriffin.nz,Out of Oz,"What a delightful sequel to Wicked! Out of Oz by Gregory Maguire is a perfect blend of wit, wisdom, and wonder. Maguire's clever reimagining of the Wizard of Oz follows Dorothy's granddaughter, who's feeling a bit lost in her own magical world. With his trademark clever wordplay and clever twists on classic tales, Maguire has woven a story that's as enchanting as it is empowering. I adored this book and highly recommend it to anyone who loves a good adventure!",5
Jayden Brooks,jayden_b17,jayden_b17@bookblitz.fun,Cursebound,"This book is LIT!!! Cursebound by Saara El-Arifi is a fantasy masterpiece that took me on a rollercoaster ride of emotions! The world-building is insane, the characters are complex and relatable, and the plot twists had me on the edge of my seat! I loved watching the protagonist grow and evolve throughout the story ü§©. If you're a fan of epic fantasy, you NEED to read this one!",5
Monica Reyes,monica_r,monica.r@swordquill.com,Cursebound,"I finished reading Cursebound by Saara El-Arifi and I'm still reeling from the experience. The world-building is impeccable, with a rich history and politics that will keep you on the edge of your seat. The characters are complex and multi-dimensional, with snappy dialogue that's a joy to read. However, the pacing can be a bit uneven at times, which prevents me from giving it a perfect score. But overall, it's a fantastic debut that sets a high bar for fantasy novels to follow.",4
Jack Webber,jack_spanner,jack.spanner@orcpost.nz,Cursebound,"This book was a wild ride. The author's world-building was top-notch, with a unique magic system that kept me engaged. The characters were well-developed, especially the protagonist, who's a complex and relatable hero. I loved the way the story blended different cultures and mythologies. Great read!",5
Zoe Patel,zoe_l,zoe.laughs@tinygriffin.nz,Cursebound,"I devoured Cursebound like a mischievous imp on a sugar high! Saara El-Arifi's tale of ancient magic, cunning alliances, and forbidden love had me swooning from the very first page. The world-building is sublime, the characters are complex and lovable, and the plot twists will keep you on the edge of your seat. A true masterpiece of fantasy that has landed firmly on my all-time faves list!",5
Jayden Brooks,jayden_b17,jayden_b17@bookblitz.fun,Mythos,"OMG, you guys!! Mythos by Stephen Fry is üî•!!! I was totally transported to Ancient Greece with Percy Jackson vibes, and the mythological gods were SO WELL DONE!!! The writing was witty and engaging, and I loved the way Fry rewrote the classic myths to make them fresh and exciting! The pacing was perfect - a great balance of action, adventure, and introspection. I was on the edge of my seat during the Oracle's monologues ü§Ø! Overall, it was an EPIC read that I highly recommend! üòçüëè",5
Monica Reyes,monica_r,monica.r@swordquill.com,Mythos,"Mythos, a sweeping epic that whisks you away to a realm of gods and mortals, where the witty repartee of the ancient Greeks meets the humor of a thousand clever quips. Fry's masterful voice brings the classics to life, with dialogue that crackles like a well-shaken cup of ambrosia. Though some pacing issues hinder the narrative, the sheer charm of this book makes it a must-read for fans of mythology and fantasy.",4
Jack Webber,jack_spanner,jack.spanner@orcpost.nz,Mythos,"This book's a good, solid read. Stephen Fry's taken on the Greek myths and given them a bit of an overhaul, making them feel fresh and modern. Good storytelling, keeps you interested. Not a wild ride, but enjoyable. Worth a look, especially if you're a fan of classics.",4
Zoe Patel,zoe_l,zoe.laughs@tinygriffin.nz,Mythos,"""Oh my myth-loving stars, Stephen Fry's Mythos is a rich tapestry of tales that will transport you to a world of wonder! Fry weaves a spellbinding narrative that's as clever as it is charming, with a dash of wit and whimsy that'll leave you enchanted. His words dance across the page like the muses themselves, making this a truly unforgettable read. An absolute must-read for anyone who's ever gazed up at the stars and wondered at the magic that lies beyond!",5
Jayden Brooks,jayden_b17,jayden_b17@bookblitz.fun,Heroes,"Oh man, I just finished reading Heroes by Stephen Fry and it was AMAZING!!! ü§©üìö I loved how Fry explores the complexities of heroism and how it affects the characters in the story. The way he weaves together myth, history, and literature is pure magic ‚ú®. I especially loved the section on Gilgamesh - it was a total game-changer for me ü§Ø. The writing is so witty and engaging, I found myself devouring the book in no time üìñ. Highly recommend it to anyone who loves a good story!",5
Monica Reyes,monica_r,monica.r@swordquill.com,Heroes,"""Heroes by Stephen Fry is a delightful romp through the world of Greek mythology, but don't expect him to revamp the genre entirely. The writing is engaging, but the characters feel more like caricatures than fully fleshed-out heroes. The dialogue is where Fry truly shines, with clever wordplay and witty banter that had me chuckling. Still, I found myself wishing for a more modern twist on the classics. In the end, it's a pleasant, if unremarkable, read.",4
Jack Webber,jack_spanner,jack.spanner@orcpost.nz,Heroes,"""Heroes by Stephen Fry is a great read, no wasted words here. Fry's analysis of myth and legend is spot on, and his observations on the hero's journey are top-notch. Not a stretchy or overwrought tale, just solid storytelling. Kept me turning the pages.",4
Zoe Patel,zoe_l,zoe.laughs@tinygriffin.nz,Heroes,"I absolutely adored ""Heroes"" by Stephen Fry! It's a clever, fantastical romp through mythology and storytelling, with Fry's signature wit and charm. I loved the way he wove together tales from ancient Greece and beyond, making them feel fresh and exciting. It's a must-read for anyone who loves a good yarn, whether you're 8 or 80!",5
Jayden Brooks,jayden_b17,jayden_b17@bookblitz.fun,Odyssey,"""OH. MY. GOSH. ü§Ø I just finished reading Odyssey by Stephen Fry and I'm FREAKING OUT!!! ü§Ø The way he retells Homer's classic tale is pure MAGIC ‚ú®! I'm totally obsessed with the journey of Odysseus and the way Fry brings his story to life is AMAZING ü§©! The themes of heroism, loyalty, and the struggle against the gods are so PRESENT üíØ and I loved every MINUTE üï∞Ô∏è of it!",5
Monica Reyes,monica_r,monica.r@swordquill.com,Odyssey,"In Stephen Fry's Odyssey, Homer's ancient epic gets a witty, urbane makeover. Fry's narration veers from clever asides to tongue-in-cheek observations, perfectly capturing the artful dodges and ripostes of the original characters. If you're a dialogue aficionado, you'll devour this audio adaptation, but pace-wise, it's a marathon, not a sprint. A delightful listen for fans of clever wordplay.",4
Zoe Patel,zoe_l,zoe.laughs@tinygriffin.nz,Odyssey,"What a fantastical read! Stephen Fry's Odyssey whisks you away to ancient Greece with wit and charm, introducing you to the inimitable Odysseus on a wild adventure of self-discovery and fantastical journeys. His words dance with clever wordplay and whimsy, making even the most epic of tales feel delightful and accessible. I devoured it in a few blissful sittings, and I'm still grinning from ear to ear!",5
Jayden Brooks,jayden_b17,jayden_b17@bookblitz.fun,Troy,"OH MY GOSH, you guys!! I just finished reading Troy by Stephen Fry and it was MIND-BLOWING!!! I mean, the entire Iliad is one of the most EPIC stories ever, and Fry's writing just brings it all to life. I loved seeing the characters evolve and grow, especially Achilles and Hector. That last book of the Iliad gave me all the FEELS! ü§Ø",5
Monica Reyes,monica_r,monica.r@swordquill.com,Troy,"Fry's rendition of the Iliad is a masterful retelling, weaving a rich tapestry of human emotion and mythic scope. His writing is as lyrical as it is incisive, slicing through the verse to reveal the complex, often brutal, realities of war. The dialogue crackles with wit and intelligence, bringing the characters to vivid life.",5
Jack Webber,jack_spanner,jack.spanner@orcpost.nz,Troy,"Troy by Stephen Fry is a solid retelling of the classic Greek story. Fry's writing is engaging, and he brings the characters to life. I enjoyed the historical and mythological context he provided, making the story feel more immersive. A good read for anyone interested in ancient Greece or mythology.",4
Zoe Patel,zoe_l,zoe.laughs@tinygriffin.nz,Troy,"Troy by Stephen Fry is an enthralling tale of myth and legend that swept me up in its whirlwind of epic battles, doomed heroes, and timeless storytelling. Fry's masterful retelling had me grinning from ear to ear, and I adored the way he wove a spell of enchantment around the ancient world. A joyous read for all ages!",5
Jayden Brooks,jayden_b17,jayden_b17@bookblitz.fun,Gideon the Ninth,"Gideon the Ninth by Tamsyn Muir is literally the most epic book ever!!! I'm still reeling from the bowels of the Ninth House and Gideon's impossible choices üíÄüî™Ô∏è I mean, can you have a better protagonist?!ü§© Gideon's character growth is insane and those plot twists?! Mind. Blown. üò≤",5
Monica Reyes,monica_r,monica.r@swordquill.com,Gideon the Ninth,"Gideon the Ninth is a deliciously dark and witty romp through the halls of a mysterious necromantic academy. Muir's prose is as sharp as a sword, and her dialogue is pure magic - every conversation is a delight to read. The pacing is breakneck, and Gideon herself is a lovably snarky protagonist who will steal your heart with her sassy comebacks. A must-read for fans of witty banter and fantasy.",5
Jack Webber,jack_spanner,jack.spanner@orcpost.nz,Gideon the Ninth,"Gideon the Ninth by Tamsyn Muir was a dark horse for me, turned out to be a real page-turner. Tight writing, some good twists, and an interesting necromancer protagonist. Gotta say, I was a bit skeptical at first, but Muir pulled it off. Would recommend for fans of space fantasy and necromantic hijinks.",5
Zoe Patel,zoe_l,zoe.laughs@tinygriffin.nz,Gideon the Ninth,"I just devoured Gideon the Ninth and I'm still reeling from the experience! This dark academic fantasy is a clever and unsettling romp through necromancy, murder, and mystery, with a dash of snarky humor and lovable characters. Tamsyn Muir is a genius, and I'm obsessed with Gideon's banter and Harrow's Belgian wit. Trust me, you'll be hooked from start to finish!",5
Jayden Brooks,jayden_b17,jayden_b17@bookblitz.fun,Harrow the Ninth,"Oh my gosh, I just finished reading Harrow the Ninth by Tamsyn Muir and I'm still reeling from the experience!!! ü§Ø This book is a MASTERPIECE!!! Harrow's GOTS the whole ""emotional baggage"" thing down üßê, and I was literally ROARING at the most epic moments ü¶ñ. The world-building is insane, the action scenes are heart-pumping, and the character development is NEXT LEVEL! üí• I'm not even mad that I read the whole thing in one sitting, haha üòÇ. If you haven't read it yet, WHAT ARE YOU WAITING FOR?! üéâ",5
Monica Reyes,monica_r,monica.r@swordquill.com,Harrow the Ninth,"Harrow the Ninth by Tamsyn Muir is a deliciously dark, witty romp through the Nine Houses of Galaxeddon, where the line between reality and nightmare is blissfully blurred. Muir's prose is a razor-sharp delight, lacerating the pretentious with a nasty, clever edge. The snappy banter and Blackheart-ed brilliance of Harrow and her crew had me hooked from the first duel. A most triumphant ride, concealed in a book as sharp as its characters.",5
Jack Webber,jack_spanner,jack.spanner@orcpost.nz,Harrow the Ninth,"Harrow the Ninth by Tamsyn Muir is a wild ride, full of unique characters and a dark, Gothic world. The story's complexity and depth kept me engaged, and I appreciated the slow-burning tension. Not for the faint of heart, but a solid choice for fans of dark fantasy.",4
Zoe Patel,zoe_l,zoe.laughs@tinygriffin.nz,Harrow the Ninth,"Oh my goodness, I just devoured Harrow the Ninth by Tamsyn Muir and I am completely, utterly, and totally enchanted! This book is a masterclass in witty banter, clever world-building, and a dash of interdimensional shenanigans that will leave you grinning from ear to ear. I'm obsessed with the complicated and delightfully oddball cast of characters, particularly Harrow herself ‚Äì a true oddity, even among the inhabitants of the Ghald Dynasty. I must admit, I was a bit worried that I'd be in over my head with the sci-fi/fantasy mashup, but Muir's writing is like a warm hug that wraps around your brain and says, ""Don't worry, kiddo, I've got this."" Trust me, you won't be disappointed! It's an absolute blast, and I'm already planning my next Muir marathon.",5
Jayden Brooks,jayden_b17,jayden_b17@bookblitz.fun,Nona the Ninth,"OH MY GOSH, I am still reeling from Nona the Ninth by Tamsyn Muir!!! üî• The epic battles, the swoon-worthy romance, and the reveal of Nona's powers üò≤ had me on the edge of my seat the entire time! I shipped Nona and Tamsen so hard, and the way their story unfolded was pure perfection üíï! If you haven't read it yet, WHAT ARE YOU WAITING FOR?! ü§©üìö",5
Monica Reyes,monica_r,monica.r@swordquill.com,Nona the Ninth,"Nona the Ninth by Tamsyn Muir is a cleverly crafted tale that will keep you on the edge of your seat with its wicked wit and snappy dialogue. Muir's world-building is a masterclass in layering complex mythology, and the Ninth's complicated history is a page-turner. Don't be surprised if you find yourself rooting for the most unlikely of heroes.",4
Jack Webber,jack_spanner,jack.spanner@orcpost.nz,Nona the Ninth,"Nona the Ninth is a clever, twisted tale of necromance and mystery. Muir's world-building is top-notch, with well-developed characters and a complex plot that keeps you guessing. The pacing is well-balanced, with a mix of action, suspense, and quieter moments. I was thoroughly engaged and would recommend it to fans of fantasy and sci-fi.",5
Zoe Patel,zoe_l,zoe.laughs@tinygriffin.nz,Nona the Ninth,"What a delightful romp through the Ninth House! Nona, the lovably awkward and fiercely loyal character, stole my heart with her quirks and surprises. This novel is a masterclass in clever wordplay, humor, and heart, with a healthy dose of magical mayhem. I'm still grinning from ear to ear, and I highly recommend it to anyone who loves a good tale of magic, mystery, and misadventure!",5
Jayden Brooks,jayden_b17,jayden_b17@bookblitz.fun,The Hitchhiker's Guide to the Galaxy,"OH MY GOSH, I just finished reading The Hitchhiker's Guide to the Galaxy by Douglas Adams and I am STILL REELING FROM THE EXPERIENCE!!! üò± This book is OUT. OF. THIS. WORLD!!! üöÄ It's like, the most epic adventure I've ever been on! The characters are SO quirky and lovable, especially Arthur Dent and Ford Prefect - they're like, total BFFs!! ü§© And the plot twists?!?! Mind. Blown. I didn't see it coming at all!!! ü§Ø Don't even get me started on the humor - it's like, laugh-out-loud hilarious!!! üòÇ I'm not even kidding, I had to read it in secret during study hall because I was laughing so hard I wouldn't have been able to focus on my actual homework!!! üôà It's a total must-read, trust me!!! ü§©",5
Monica Reyes,monica_r,monica.r@swordquill.com,The Hitchhiker's Guide to the Galaxy,"I just finished reading The Hitchhiker's Guide to the Galaxy by Douglas Adams and I'm still reeling from the absurdity of it all. This book is a laugh-out-loud masterpiece, full of clever one-liners and witty repartee that will keep you entertained from start to finish. The pacing is relentless, propelling you through the galaxy at breakneck speed. The characters are lovable and well-developed, particularly the inimitable Arthur Dent. Adams' satire is biting and clever, making this a true classic of science fiction comedy. If you haven't already, hitch a ride with Arthur and the gang - you won't regret it!",5
Jack Webber,jack_spanner,jack.spanner@orcpost.nz,The Hitchhiker's Guide to the Galaxy,"This book is a laugh-out-loud comedy about a guy who hitches a ride on a passing space ship. It's full of silly antics and clever observations about the absurdity of life in the universe. Witty writing and entertaining characters make for a great read, even if it's a bit far out there at times.",4
Zoe Patel,zoe_l,zoe.laughs@tinygriffin.nz,The Hitchhiker's Guide to the Galaxy,"What a galactic romp! The Hitchhiker's Guide to the Galaxy is a riotous, side-splitting, and tragically hilarious journey through space and time. Douglas Adams' wit is as sharp as a Vogon's sense of humour, and I'm utterly, completely, and totally enthralled! Don't miss this cosmic comedy classic ‚Äì it's out of this world!",5
Jayden Brooks,jayden_b17,jayden_b17@bookblitz.fun,The Restaurant at the End of the Universe,"üöÄüìö Oh my gosh, you guys!!! I just FINISHED reading ""The Restaurant at the End of the Universe"" by Douglas Adams and I'm totally blown away! ü§Ø I mean, this book is like, the ultimate road trip through space and time! üöÄüï∞Ô∏è The characters are SO quirky and lovable, especially Zaphod and Trillian ü§©. I loved the mix of humor, adventure, and heart in this book - it's like the perfect blend of sweet and sour üç∞üçã. And that ending?! ü§Ø Okay, I won't spoil it for you, but let's just say it's EPIC!!! ‚≠êÔ∏è‚≠êÔ∏è‚≠êÔ∏è‚≠êÔ∏è",5
Monica Reyes,monica_r,monica.r@swordquill.com,The Restaurant at the End of the Universe,"""This book is a comedic masterclass in absurdity, with Adams' trademark wit and humor shining through in every conversation and circumstance. The pacing is relentless, hurtling along with breakneck speed and refusing to slow down until the very end. If you're looking for a laugh-out-loud narrative with characters that will keep you smiling, The Restaurant at the End of the Universe is the perfect choice.",5
Jack Webber,jack_spanner,jack.spanner@orcpost.nz,The Restaurant at the End of the Universe,"I enjoyed the absurd humor in this sci-fi novel. The writing style is unique and entertaining, but it's a bit of a stretch at times. The character of Zaphod Beeblebrox is memorable, but the rest of the cast feels a bit one-dimensional. Still, it's a fun read. Worth a go, but don't expect too much depth.",4
Zoe Patel,zoe_l,zoe.laughs@tinygriffin.nz,The Restaurant at the End of the Universe,"I just finished reading The Restaurant at the End of the Universe by Douglas Adams and I'm still grinning from ear to ear! This book is a masterclass in comedic storytelling, with a cast of lovable misfits on a quest to save the universe. Adams' wit is razor-sharp, and his imagination knows no bounds. I laughed out loud so many times, and the humor is clever and cleverly layered. It's a wild ride, but one that I would recommend to anyone who loves a good adventure!",5
Jayden Brooks,jayden_b17,jayden_b17@bookblitz.fun,"Life, the Universe and Everything","OH MAN, I just finished reading Life, the Universe and Everything by Douglas Adams and I am STILL REELING from the Awesome-ness!!! ü§Øüìö This book is literally the best thing since sliced bread, I swear! üòÇüçû The misadventures of Arthur Dent and Ford Prefect are literally the most EPIC thing I've ever read! The humor is OUT OF THIS WORLD (get it? üòÇ) and the characters are so well-developed, I felt like I was right there with them on their intergalactic journey!

Everything comes down to the ""Answer to the Ultimate Question of Life, the Universe, and Everything"" and trust me, it's a wild ride! Douglas Adams is a GENIUS and I'd read his books all day, erry day! üòä",5
Monica Reyes,monica_r,monica.r@swordquill.com,"Life, the Universe and Everything","Life, the Universe and Everything is a comedic masterpiece that's as sharp as a Vogon's insults. Douglas Adams' clever wordplay and satire had me laughing out loud, but moments of depth and poignancy humanized our beloved misfits. The pacing is impeccable, hurtling from absurdity to heartbreak in a blur. What more could you ask from a book that tackles the meaning of life?",5
Jack Webber,jack_spanner,jack.spanner@orcpost.nz,"Life, the Universe and Everything","Life, the Universe and Everything by Douglas Adams is a laugh-out-loud comedy that's more like a series of clever jokes than a coherent narrative. Adams' writing is imaginative, but it's a bit of a slog at times. Worth a read if you're into far-fetched sci-fi and aren't too fussed about plot.",3
Zoe Patel,zoe_l,zoe.laughs@tinygriffin.nz,"Life, the Universe and Everything","This book is a total blast of wonderful! Douglas Adams' zany wit and lovable characters have me giggling and cheering on the lovable but slightly dimwitted hero, Arthur Dent. Who needs a quest for the ultimate answer when you can have a quest to save the universe from being destroyed? A wildly entertaining ride through space and time!",5
Jayden Brooks,jayden_b17,jayden_b17@bookblitz.fun,"So Long, and Thanks for All the Fish","Oh man, I just finished reading So Long, and Thanks for All the Fish by Douglas Adams, and HOLY COW it was SOOOO good! ü§ØüìöüòÅ The characters are all so quirky and lovable, especially Zaphod, Trillian, and Marvin - they're like my new best friends! üòÇ The plot twists and turns in the most EPIC way, with heart-pumping space battles and mind-blowing revelations that will keep you on the edge of your seat! üöÄüëΩ I'm still reeling from the ending, man - it's like, WOW! READ THIS BOOK IF YOU HAVEN'T ALREADY!!! üòç",5
Monica Reyes,monica_r,monica.r@swordquill.com,"So Long, and Thanks for All the Fish","So Long, and Thanks for All the Fish by Douglas Adams is a masterclass in comedic science fiction. Adams' wicked wit and clever dialogue will keep you chuckling, even as his hapless protagonist's search for the ultimate guide to the universe gets him into all sorts of absurd trouble. A standalone sequel to The Hitchhiker's Guide to the Galaxy, Fish is a delightfully offbeat romp that will leave you smiling long after you finish reading. Perhaps a tad less cohesive than its parent novel, but still a laugh-out-loud pleasure.",4
Jack Webber,jack_spanner,jack.spanner@orcpost.nz,"So Long, and Thanks for All the Fish","So Long, and Thanks for All the Fish is a worthy sequel to The Hitchhiker's Guide to the Galaxy. It's like getting a transmission from the mother ship - the humor's on point, the characters are well-developed, and the plot's a thrill ride through space and time.",4
Zoe Patel,zoe_l,zoe.laughs@tinygriffin.nz,"So Long, and Thanks for All the Fish","I just devoured So Long, and Thanks for All the Fish and I'm still floating on the fantastic fumes of Douglas Adams' wild ride through space and time! This book is a masterclass in comedic genius, with characters that leap off the page and a story that's as clever as it is heartwarming. If you're a fan of The Hitchhiker's Guide to the Galaxy, you'll feel right at home here. Trust me, you won't want to miss this fishy adventure!",5
Jayden Brooks,jayden_b17,jayden_b17@bookblitz.fun,Circe,"Circe is AMAZING!!! Madeline Miller just tore apart the whole Greek mythology book and rebuilt it from Circe's perspective, and it's SO COOL!!! I mean, I've read a lot of books about the gods, but this one is like, the one that actually makes me want to learn more! ü§Ø Circe's character arc is insane, from being the witchy sister to the witchy queen, it's a wild ride! And let's not forget that epic moment when she casts those binding spells üßô‚Äç‚ôÄÔ∏èüîÆ I'm still reeling from it! I devoured the whole book in one study hall session, and I'm so glad I did! üìöüëç",5
Monica Reyes,monica_r,monica.r@swordquill.com,Circe,"Circe is a thing of dark magic, weaving a tale that's as much about the power of storytelling as it is about the witch herself. Miller's prose is a spellbinding blend of myth and mortality, with Circe's sass and wit making her a character you'll love to hate. The pacing is a whirlwind, hurtling from forgetfulness to reckoning with dizzying speed. If only the dialogue had more heft, but this fantasy is still a must-read for fans of the genre.",4
Jack Webber,jack_spanner,jack.spanner@orcpost.nz,Circe,"Circe by Madeline Miller is a solid retelling of the myth. I liked how it focused on the witch Circe, made her a strong and complex character. The writing was clear and engaging, made me want to keep reading. Didn't always love the pacing, but overall a good read.",4
Zoe Patel,zoe_l,zoe.laughs@tinygriffin.nz,Circe,"Oh my goodness, I just ADORED Circe by Madeline Miller! It's a spellbinding retelling of the witch's story from Homer's Odyssey, full of magic, mythology, and wisdom. I devoured it in one sitting, and I know I'll be returning to it again and again. Miller's writing is enchanting, with a perfect blend of humor, pathos, and heroism. If you're a fan of Greek mythology or just great storytelling, this is a must-read!",5
Jayden Brooks,jayden_b17,jayden_b17@bookblitz.fun,The Song of Achilles,"OMG you guys, I just finished reading ""The Song of Achilles"" by Madeline Miller and I'm STILL REELING from the experience!!! ü§Ø I'm talking tears, I'm talking swoon-worthy moments, I'm talking total and complete immersion in the world of ancient Greece üåäüèØ... Achilles' journey from a hot-headed young prince to a heroic warrior who'll stop at nothing to protect his loved ones was ABSOLUTE PERFECTION üôå I mean, who wouldn't fall in love with a character as complex and deliciously flawed as Patroclus? ü§§

The way Miller weaves together the mythical and the personal is pure MAGIC ‚ú® From the battles to the heartbreak to the triumphs, every moment in this book is unforgettable üí• I'm so glad I got to experience it and I HIGHLY RECOMMEND it to anyone who loves epic fantasy, character-driven stories, and a healthy dose of romance üìöüíñ",5
Monica Reyes,monica_r,monica.r@swordquill.com,The Song of Achilles,"This book is a masterclass in weaving a timeless epic with a keen eye for character nuance. Miller's lyrical prose and ingenious reimagining of the Trojan War's most famous love story had me hooked from the outset, and her Achilles is both a tragic hero and a relatable, flawed mortal. The dialogue is pitch-perfect, conjuring the heat and passion of ancient Greece. A must-read for anyone who's ever loved a hero.",5
Jack Webber,jack_spanner,jack.spanner@orcpost.nz,The Song of Achilles,"The Song of Achilles by Madeline Miller is a great retelling of the Trojan War from Achilles' perspective. It's a beautifully written story that explores the complexities of human relationships and the costs of war. I found it to be a compelling and emotional read. The author's prose is evocative and immersive, making it easy to become invested in the characters and their struggles.",4
Zoe Patel,zoe_l,zoe.laughs@tinygriffin.nz,The Song of Achilles,"I just devoured The Song of Achilles by Madeline Miller and I'm still swooning! What a thrilling tale of Greek mythology rewritten with such beautiful, evocative prose. Miller's writing is as lush as a laurel tree, and her characters leap off the page like mythical creatures from the gods' own workshops. I adored the tender, bittersweet love story at its heart. ",5
